{
    "CS0023":
        {
            "Hz60" : {"x": [4931.25, 5243.75, 5556.25, 5900.0, 6306.25, 6681.25, 6993.75, 7368.75, 7681.25, 8025.0, 8337.5, 8618.75, 8962.5, 9337.5, 9743.75, 10087.5, 10462.5, 10868.75, 11181.25, 11556.25, 11806.25, 12150.0, 12493.75, 13056.25, 13462.5, 13837.5, 14243.75, 14681.25, 15118.75, 15525.0, 16118.75, 16587.5, 16962.5, 17431.25, 17775.0, 18025.0],"y": [3951.8354430379695, 3938.6708860759454, 3912.3417721518977, 3912.3417721518977, 3899.1772151898736, 3899.1772151898736, 3899.1772151898736, 3886.012658227843, 3886.012658227843, 3899.1772151898736, 3899.1772151898736, 3899.1772151898736, 3912.3417721518977, 3912.3417721518977, 3912.3417721518977, 3938.6708860759454, 3925.5063291139213, 3925.5063291139213, 3925.5063291139213, 3912.3417721518977, 3912.3417721518977, 3886.012658227843, 3872.848101265819, 3846.518987341771, 3807.0253164556925, 3767.5316455696143, 3741.202531645566, 3675.3797468354396, 3583.227848101265, 3530.5696202531626, 3438.417721518981, 3346.265822784807, 3227.7848101265777, 3122.4683544303793, 3003.9873417721506, 2911.8354430379695]},     
            "Hz40":{"x": [3400.0, 4440.0, 4980.0, 5556.0, 6204.0, 6816.0, 7572.0, 8184.0, 8832.0, 9408.0, 10056.0, 10848.0, 11424.0, 12000.0, 12000.0],"y": [1905.172413793103, 1905.172413793103, 1903.2, 1905.172413793103, 1882.7586206896544, 1882.7586206896544, 1860.3448275862058, 1860.3448275862058, 1815.517241379309, 1770.6896551724121, 1658.6206896551694, 1568.9655172413757, 1456.896551724133, 1255.172413793103, 1300.0]},
            "BEP08" :{"x": [3170.588235, 3383.823529, 3554.411765, 3725.0, 3980.882353, 4151.470588, 4364.705882, 4450.0, 4620.588235, 4833.823529, 4961.764706],"y": [1966.25, 2177.5, 2356.25, 2567.5, 2778.75, 2990.0, 3185.0, 3396.25, 3623.75, 3835.0, 4046.25] },
            "BEP" : {"x": [10338.028169014, 10600.9389671361, 10976.5258215962, 11239.4366197183, 11577.4647887323, 11953.0516431924, 12403.7558685446, 12779.3427230046, 13154.9295774647, 13605.6338028169, 14018.779342723, 14469.4835680751, 14845.0704225352, 15183.0985915492],"y": [1738.1840796019894, 1835.1990049751214, 1948.3830845771108, 2013.0597014925345, 2126.243781094524, 2255.597014925371, 2417.288557213926, 2578.980099502482, 2708.333333333329, 2886.194029850742, 3031.7164179104466, 3209.577114427859, 3371.268656716415, 3500.621890547262, 3662.3134328358174, 3791.6666666666647, 3937.1890547263624, 4066.5422885572098, 4228.233830845766, 4373.75621890547, 4535.447761194026, 4664.8009950248725, 4907.338308457708]},
            "BEP12" : {"x": [12000.0, 12288.0, 12612.0, 12972.0, 13296.0, 13692.0, 14088.0, 14484.0, 14772.0, 15096.0, 15420.0, 15600.0, 15888.0, 16140.0, 16464.0, 16716.0, 17004.0, 17256.0, 17616.0, 17904.0],"y": [1266.909090909085, 1333.0909090909086, 1415.8181818181765, 1515.0909090909086, 1581.2727272727254, 1697.0909090909083, 1779.8181818181765, 1895.6363636363594, 1978.363636363634, 2061.0909090909086, 2160.3636363636338, 2226.545454545451, 2292.727272727268, 2375.4545454545423, 2474.727272727268, 2557.4545454545428, 2640.181818181817, 2722.909090909085, 2822.181818181817, 2921.4545454545428, 3053.8181818181765, 3169.6363636363594, 3285.4545454545423, 3417.8181818181765, 3517.0909090909086, 3632.909090909085, 3748.727272727268, 3831.4545454545428, 3963.8181818181765, 4111.545454545451]},
            "API": [10.8, "10/01/2023"],
            "LimX": [0,20000],
            "LimY": [0,6000]
        },
    
    "CS0134":
        {
            "API": [10.8, "10/01/2023"],
            "LimX": [0,15000],
            "LimY": [0,8000]
        },

    "CS0305":
        {
            "Hz60" :  {"x": [308.598726114649, 373.089171974522, 437.579617834394, 502.070063694267, 570.859872611464, 613.853503184713, 652.547770700636, 708.439490445859, 781.528662420382, 841.719745222929, 901.910828025477, 966.40127388535, 1048.08917197452, 1121.17834394904, 1189.96815286624, 1267.35668789808, 1340.44585987261, 1404.93630573248, 1456.52866242038, 1508.12101910828, 1572.61146496815, 1645.70063694267], "y": [7080.860655737685, 6979.278688524581, 6945.418032786873, 6877.696721311454, 6776.11475409835, 6708.393442622932, 6606.811475409828, 6539.090163934409, 6369.786885245887, 6268.204918032783, 6166.622950819655, 5929.598360655715, 5658.7131147540895, 5387.827868852439, 5116.942622950813, 4710.61475409835, 4439.7295081966995, 4134.9836065573645, 3897.959016393424, 3593.2131147540886, 3254.6065573770447, 2949.8606557376847]},
            "Hz40" :  {"x": [260.0, 348.453608247422, 398.556701030927, 448.659793814433, 498.762886597938, 557.21649484536, 607.319587628866, 653.247422680412, 715.876288659793, 770.154639175257, 828.60824742268, 887.061855670103, 941.340206185567, 995.618556701031, 1049.89690721649, 1100.0], "y": [4617.0, 4555.1454545454435, 4431.436363636354, 4307.727272727267, 4245.87272727271, 4122.163636363621, 3874.7454545454434, 3689.1818181817985, 3441.763636363621, 3256.2000000000003, 2885.0727272727095, 2513.945454545443, 2142.8181818181824, 1833.5454545454531, 1524.2727272727266, 1215.0]},
            "BEP08" :  {"x": [230, 241.666666666666, 254.166666666666, 266.666666666666, 270.833333333333, 283.333333333333], "y": [4593.17647058823, 5260.235294117644, 5832.0, 6356.117647058814, 6784.941176470568, 7213.764705882348]},
            "BEP" :  {"x": [327.586206896551, 334.827586206896, 344.482758620689, 351.724137931034, 356.551724137931, 361.379310344827, 368.620689655172, 375.862068965517], "y" : [4581.611650485428, 4900.1067961165, 5253.990291262118, 5572.48543689319, 5855.59223300969, 6244.86407766988, 6634.135922330095, 6988.019417475713]},
            "BEP12" :  {"x": [1095.50387596899, 1135.96899224806, 1185.42635658914, 1239.37984496124, 1293.33333333333, 1351.78294573643, 1405.73643410852, 1468.68217054263, 1531.62790697674, 1581.08527131782, 1626.0465116279], "y" : [1215.0, 1313.5135135135122, 1461.2837837837828, 1658.3108108108097, 1806.0810810810804, 1953.8513513513512, 2200.1351351351345, 2347.905405405405, 2544.9324324324148, 2741.959459459439, 2938.9864864864635]},
            "API": [10.3, "30/12/2022"],
            "LimX": [0,2000],
            "LimY": [0,8000]
        },

    "CH0100":
        {
           "Hz60" :  {"x": [1129.5566502463, 1267.48768472906, 1434.97536945812, 1641.87192118226, 1799.50738916256, 1996.55172413793, 2173.89162561576, 2361.08374384236, 2558.12807881773, 2745.32019704433, 2971.92118226601, 3188.66995073891, 3484.23645320197, 3720.68965517241, 3937.43842364532, 4154.18719211822, 4361.08374384236, 4558.12807881773, 4755.1724137931, 4952.21674876847, 5139.40886699507], "y": [9148.25, 8987.0, 8858.0, 8729.0, 8600.0, 8471.0, 8342.0, 8180.75, 7987.25, 7793.75, 7600.25, 7374.5, 7148.75, 6923.0, 6697.25, 6471.5, 6181.25, 5858.75, 5536.25, 5310.5, 4988.0]} ,
            "Hz40" :  {"x": [809.782608695652, 946.739130434782, 1132.60869565217, 1289.1304347826, 1484.78260869565, 1709.78260869565, 1973.91304347826, 2140.21739130434, 2355.43478260869, 2580.43478260869, 2815.21739130434, 3059.78260869565, 3245.65217391304, 3470.65217391304], "y": [4188.350877192973, 4097.824561403496, 4037.473684210524, 3916.771929824561, 3856.4210526315705, 3735.7192982456077, 3584.842105263142, 3433.9649122806923, 3343.4385964912162, 3132.210526315777, 2981.3333333333276, 2830.456140350861, 2619.228070175422, 2377.8245614034963]},
            "R1" :  {"x": [800.0, 834.883720930232, 876.744186046511, 897.674418604651, 932.558139534883, 974.418604651162, 1002.32558139534, 1044.18604651162, 1072.09302325581, 1093.02325581395], "y": [4096.43037974683, 4569.974683544294, 5043.518987341758, 5548.632911392392, 6116.8860759493655, 6748.278481012646, 7348.101265822773, 7947.924050632899, 8516.177215189873, 9116.0]},
            "R2" :  {"x": [1900.0, 2028.57142857142, 2147.95918367346, 2239.79591836734, 2331.63265306122, 2441.83673469387, 2533.67346938775, 2616.32653061224, 2717.34693877551, 2790.81632653061],